<?xml version="1.0" encoding="UTF-8"?>
<project-private xmlns="http://www.netbeans.org/ns/project-private/1">
    <editor-bookmarks xmlns="http://www.netbeans.org/ns/editor-bookmarks/2" lastBookmarkId="0"/>
    <open-files xmlns="http://www.netbeans.org/ns/projectui-open-files/2">
        <group>
            <file>file:/C:/Users/Astbel/Desktop/HKSP_PIC24FJ128GL305/HKS_PIC24FJ128GL305.X/src/pmbus_stack.c</file>
            <file>file:/C:/Users/Astbel/Desktop/HKSP_PIC24FJ128GL305/HKS_PIC24FJ128GL305.X/src/Myvalue.c</file>
            <file>file:/C:/Users/Astbel/Desktop/HKSP_PIC24FJ128GL305/HKS_PIC24FJ128GL305.X/mcc_generated_files/i2c1.c</file>
            <file>file:/C:/Users/Astbel/Desktop/HKSP_PIC24FJ128GL305/HKS_PIC24FJ128GL305.X/inc/pmbus_stack.h</file>
            <file>file:/C:/Users/Astbel/Desktop/HKSP_PIC24FJ128GL305/HKS_PIC24FJ128GL305.X/mcc_generated_files/i2c1.h</file>
            <file>file:/C:/Users/Astbel/Desktop/HKSP_PIC24FJ128GL305/HKS_PIC24FJ128GL305.X/mcc_generated_files/tmr1.c</file>
            <file>file:/C:/Users/Astbel/Desktop/HKSP_PIC24FJ128GL305/HKS_PIC24FJ128GL305.X/inc/Myvalue.h</file>
        </group>
    </open-files>
</project-private>
